//INTIAL DATA

mysql> select * from ddata;
+-------------+--------+-------+--------+---------------+---------+------------+--------+--------------+-------------+----------+----------+
| first       | last   | blood | userId | password      | address | phone      | aadhar | dept         | post        | postgrad | patients |
+-------------+--------+-------+--------+---------------+---------+------------+--------+--------------+-------------+----------+----------+
| admin       | doc    | A+    |      4 | admin         | dwarka  | 9999999999 |      1 | neurology    | surgeon     | MS       |        1 |
| Dr. Sheetal | Gurung | A+    |      5 | thegooddoctor | NULL    |       NULL |    162 | Psychiatrist | Head Doctor | MD       |        1 |
+-------------+--------+-------+--------+---------------+---------+------------+--------+--------------+-------------+----------+----------+
2 rows in set (0.00 sec)


mysql> select * from pdata;
+-------+------+-----+-------+----------+--------+--------+---------+-------+---------+------+-------+
| first | last | sex | blood | password | userId | aadhar | allergy | phone | address | ill  | docId |
+-------+------+-----+-------+----------+--------+--------+---------+-------+---------+------+-------+
| admin | pat  | M   | A+    | admin    |     27 |      2 | NULL    |  NULL | NULL    | NULL |  NULL |
+-------+------+-----+-------+----------+--------+--------+---------+-------+---------+------+-------+
1 row in set (0.00 sec)

mysql> select * from logs;
+-------+-------+
| docId | patId |
+-------+-------+
|     4 |    27 |
+-------+-------+
1 row in set (0.00 sec)

